2.86989212,3.25221777,2.819585323,3.179275036,3.247216225,3.085866928,3.477904558,2.979478121,2.675317287,4.035070419,2.974874973,3.321223974,3.317850828,3.019464254,2.918204069,3.488657951,3.188784599,3.2397542,3.233408213,3.50231576,3.828725815,2.913741589,3.219167471,3.243262768,3.07023263,3.011735916,0,4.623755455,3.587570906,3.644937515,3.154837132,3.05075407,2.96078372,0,3.227086544,3.275466919,2.994002819,3.190946817,4.148400784,2.621855736,3.070835829,3.630525351,2.875353813,2.876995802,2.84394145,3.449489355,3.38002634,3.466758728,2.910653114,0,3.354659557,3.199069023,4.079554558,3.325641155,3.126575232,3.194468498,3.313402414,3.380258083,2.976390123,3.253851175,3.391328573,2.966579914,3.284419537,3.01117301,2.937247753,3.046050549,3.328204632,3.399572611,2.761914968,0,3.100337267,3.201770306,3.157775879,2.863391876,3.936821699,2.84123826,3.016056776,2.983432055,2.881706953,0,3.518245459,2.698423386,3.052142859,3.21194911,3.460481405,2.946799994,3.686033726,3.119070053,0,3.238919258,3.675387859,2.941498518,4.159863472,3.441216469,2.639443398,3.682044029,2.95465827,3.131047964
2.752849817,3.486806393,2.849012136,3.203615665,3.530307055,3.567376614,3.773300886,3.024425983,2.849618196,3.818072319,3.366462708,4.249798775,3.321225405,3.11199975,3.214915514,3.585945368,3.386716604,3.312069893,3.249695301,3.389852047,3.814719915,2.750310898,3.483361006,3.123669624,2.860775471,3.284316301,0,5.026051521,2.901955843,3.140347004,3.348329306,2.882705688,2.919026375,0,3.998754025,3.078858137,3.30849576,3.231845379,4.713218689,3.164416313,3.126614571,3.445535183,3.230470181,3.003963709,3.270671368,3.144537449,3.370105267,3.460191965,3.319565296,0,2.948022366,3.311836243,3.655684948,3.653148651,3.016137123,3.221571207,3.309179544,2.782835484,3.528215647,3.312507868,3.211257458,3.186486959,3.411885738,3.214438438,3.570449114,3.58940959,3.290600777,3.888360023,2.691608191,0,3.481211185,3.330348492,3.029805422,2.931146145,3.243281841,3.144932985,2.99578166,3.134533882,3.208681822,0,3.082466125,3.336022139,3.242697716,3.270671129,3.292135239,2.995690823,3.896290541,3.018535137,0,3.811018705,3.830241442,2.727659702,3.511723042,3.166119576,2.825123072,3.046489239,3.053153992,3.523101568
2.853434324,3.771352053,2.985657692,3.281068802,3.163656473,3.643901348,3.37274456,3.206626892,2.698045731,4.183015823,3.211221218,3.60517025,3.633251429,3.324452162,2.967014551,3.475149632,3.313889742,3.596705914,3.211221218,3.380075932,3.628645897,2.810281515,4.021436691,3.05317831,3.453140974,2.935130119,0,4.153029442,3.397160053,3.633371115,3.586081743,3.229486465,3.333087683,0,3.399260998,3.665640831,3.536449194,3.176267385,3.844758987,2.754533529,3.189574957,3.341111183,2.701475382,3.170931101,3.054738998,3.067416668,3.224860907,3.569850683,2.817089558,0,3.818915844,3.186767101,3.993802309,3.419650793,3.242420197,3.094735861,3.352907658,3.255467892,3.251630545,3.583884478,3.338169336,3.923569679,3.319651604,2.927600861,2.888194084,3.080519199,3.987037659,3.692406654,2.639600277,0,2.788836956,2.914001703,3.321933746,2.959450006,4.045253277,3.531485558,3.499266863,3.292746305,3.33202672,0,3.125417233,3.254417896,2.991992712,3.481893063,3.629967928,2.965014696,3.577902079,2.671420097,0,3.366534948,3.488642454,2.84770751,3.921195507,3.332384825,2.946444273,3.688907862,2.988430977,3.16078043
3.292977571,3.93971467,3.01875186,3.68675065,2.892680645,3.031536579,3.246299744,3.309830904,3.10199213,3.944699764,3.577112913,3.90940237,3.359141111,3.386671543,2.831125975,3.493348598,3.120877981,3.290952206,3.359001398,3.559768677,3.587487936,2.932337284,3.733016968,3.213829994,2.894829512,3.499376297,0,5.637566566,3.121703625,3.383530855,3.285253525,3.08112359,3.146336079,0,3.0735569,3.096295595,3.34283638,3.135045528,4.706097603,2.931414127,3.031536579,3.512948751,2.871850967,2.84178853,3.249189615,3.249492168,3.160444736,3.06397748,3.133080959,0,3.317149878,3.364285469,4.588177681,3.599689007,3.587487936,3.23672533,3.15021944,3.087010622,3.438831329,3.399456978,3.334896564,3.232918739,3.567133427,3.656094074,3.513379574,4.047846794,2.722048283,3.245068312,3.142226219,0,3.574621677,3.551327229,2.922382355,3.141052485,5.035870552,3.167480946,3.599472046,3.298625946,2.858421326,0,2.85424304,3.366929293,3.244882822,3.429475307,3.441943169,3.265999794,3.903226137,3.022714615,0,3.28078866,2.975064993,3.291693687,3.694903135,3.241167068,2.762696505,3.661239624,3.366054535,3.170147419
2.948328733,3.185400486,3.282269955,3.171152353,3.193189144,3.371180058,3.368123293,3.156897068,2.698381901,3.923671722,3.289551497,3.992555141,3.222412586,2.949764013,2.951829195,3.012932301,3.339912891,3.857875347,3.32179904,3.386844158,4.154513836,2.73664999,3.947849035,3.096070766,3.003929138,2.905661583,0,4.405968666,3.014083862,3.320925713,3.380600452,2.850588799,3.127887487,0,2.835052013,2.991019726,3.144587278,3.110928059,4.169233322,2.898181438,3.316677332,3.353093863,2.843500376,2.773695469,2.693220615,3.213426352,2.925421238,3.200792074,3.488716841,0,3.324768782,3.172679901,4.223265171,3.605237484,3.167524815,3.107771158,3.632205009,2.791594505,3.145105839,2.941221476,3.143980742,3.361402512,3.569425583,2.945252657,3.096866846,3.047489882,3.423549175,3.587452412,2.546467781,0,3.253261089,3.16944313,2.97281599,2.876977205,4.703113079,3.192785263,3.274288177,3.199030638,3.177081108,0,3.407064438,3.204782009,2.880842447,3.044812918,4.014159679,2.958797693,3.49571085,2.793669224,0,3.525454998,3.26756525,2.68545723,3.723013163,2.99943924,2.685001373,3.395394802,3.124189854,3.572963953
3.119534254,3.176399708,3.298864126,3.724999189,3.148252964,3.59158802,4.049273014,3.780602932,3.119313717,4.016345978,3.324794531,3.761554241,3.029426813,3.162381411,3.033980846,2.954659462,3.322586775,3.399660587,3.706448078,3.905112028,3.84085989,2.89827013,3.68739295,3.727403402,2.863850594,3.06412077,0,4.291183949,3.16444397,3.358873844,3.750401258,2.921129704,3.13401413,0,3.717787027,3.170143366,2.925950766,3.061522961,3.757343292,2.826508522,3.344627619,3.327198505,3.122217655,2.991203785,2.840116501,3.099945545,3.164675951,3.664553642,3.354884624,0,3.342508793,3.278584003,4.447780132,3.661329269,3.636460543,3.214092731,3.758187056,3.200038671,3.501007795,3.643131733,3.937339544,3.536281586,3.816020489,3.32537365,3.13983798,3.152242661,3.308312416,3.921452284,2.928535223,0,3.632202148,3.797734737,3.033053875,2.999335051,4.156955719,3.02284193,3.620425701,3.384762049,3.571172476,0,4.023075104,3.171643019,3.186710358,3.432569027,3.225756645,2.925418615,3.764666319,3.589819908,0,3.867650032,4.406694412,2.979304314,3.707583904,3.068161488,2.906255722,3.490421534,3.46666646,4.684995174
2.903135538,3.119290352,2.915978193,2.953037739,3.656654835,3.65661335,3.291868448,3.208324909,2.817223072,4.202367783,3.283754349,3.399850368,3.387998104,3.19395113,3.085688353,3.748333693,3.373441696,3.517202854,2.995697975,3.695331812,3.406436682,2.924492598,3.739261389,3.127255201,3.06546855,2.850485086,0,4.144355297,2.855837345,3.254845619,3.336716652,2.979271173,3.205821037,0,3.362195492,3.15618515,3.151165485,3.311036587,3.811234951,2.862014055,3.064348698,3.263770103,3.080961227,3.074764252,2.823188543,3.082897663,3.261086941,3.160461187,3.352092266,0,3.397530794,3.307043791,4.20647192,3.831086159,3.199846268,2.949689627,3.209769249,2.694474697,3.067220688,3.006369829,3.24511075,3.809569836,3.088114977,3.353489161,2.996494293,3.077215672,3.080560207,3.414342165,3.096578836,0,3.346149445,2.848905563,2.935052395,2.977721453,3.935223818,3.173716068,2.882958889,3.536857367,3.4161129,0,3.296942711,3.182073593,3.054741383,3.367165089,3.697333097,2.872384071,3.62914896,3.021560192,0,3.662955046,3.56517005,2.674759865,3.825627804,3.082897663,2.959058285,3.349291325,2.823095322,3.153914452
2.809385061,3.519090176,3.062619686,3.063437939,3.377001762,3.420784712,2.903606892,2.899829149,3.049803734,3.853439569,3.459268332,3.726583004,3.424578667,3.182166815,3.032435179,3.606881618,3.618597031,3.010143757,2.910439491,3.300890923,3.534214258,2.951993465,3.856415033,2.849987984,3.115287304,3.171345711,0,4.58173275,3.066530228,3.117082834,3.480820656,2.931243181,3.076188564,0,3.043282747,3.498066664,3.090708733,3.142935276,3.682480812,2.912188053,3.348402262,3.706019163,2.987260103,2.904875994,2.858756304,3.213577271,2.936906099,3.872478485,2.976363659,0,3.726943254,3.661788702,3.936189175,3.365089178,3.274893284,2.957873344,3.427671194,3.07614994,3.287826538,3.488463879,3.22277379,3.291069984,3.340243816,3.043268442,3.033372402,3.384748697,3.811107635,3.377001762,2.619202614,0,3.218713284,2.931859493,3.033328056,2.958349228,4.137942314,3.162395,3.057915211,3.911177397,3.298602343,0,3.115287304,3.241420269,3.054631233,3.623908997,3.41057682,2.909003019,3.557122707,3.07867074,0,3.618623972,2.91560483,2.76864934,3.949079037,3.181636333,2.827168465,3.325165033,2.951699257,3.652155161
3.138298988,3.509986401,3.06895113,3.1626513,3.336920738,3.435144901,3.707824469,3.254745483,2.820997477,4.079528332,2.982263565,3.589977264,3.300912857,3.160623312,2.919399023,3.685930252,3.463927269,2.83712244,2.980450869,3.414828777,3.773638248,3.16993618,4.177748203,2.829625607,3.39566493,2.802714825,0,4.519539356,3.018867493,3.273220539,3.545745373,2.964330196,3.438478947,0,3.021831036,3.322701931,2.94212842,2.999012947,4.033772469,2.748129845,2.879151106,2.948394775,2.776289463,2.948143244,3.117994547,2.998359919,2.79294014,3.31480217,3.385836601,0,2.988091946,3.331880331,3.949403286,3.521111012,3.322212696,2.909025908,3.286258221,2.8233006,3.330303669,3.222611666,3.313452005,3.370057106,3.595572472,3.345759869,3.242508411,3.03543663,3.214099884,3.486090183,2.856508255,0,3.329280376,3.198801279,2.969063759,2.94507885,3.586951733,2.848485947,3.090630531,3.323461771,3.06597662,0,3.285675049,3.087262154,2.924147606,3.079734087,3.522519112,2.829625607,3.823888779,3.344862938,0,3.492755651,4.096899986,2.722345352,4.097744942,2.938951015,2.734681845,3.718541622,2.991481304,3.534522533
2.849740982,3.496478081,2.897695065,2.977297306,3.463001251,3.504456997,3.288731813,3.621905327,2.979166508,4.143031597,3.009603262,3.302134752,3.396799326,2.846439838,2.972392321,3.015112877,4.05358696,3.55202055,2.949232578,3.567423582,4.292945862,2.722609758,3.124676228,3.402737856,2.971415758,2.963101149,0,4.254005432,3.764840841,3.530402184,3.603676081,3.318818092,3.026143074,0,3.429951429,2.989103556,3.252668142,3.425843239,3.847471714,2.764433384,3.516410112,3.433792114,3.19571209,3.134698391,2.899484634,3.223606348,2.917593002,3.557377338,3.231868982,0,4.135592461,3.380161047,4.648750782,3.787739277,3.650575161,2.849774599,3.238155365,3.048078537,3.019846201,3.320154667,3.271495342,3.291960955,3.392735004,3.019703865,2.794408798,3.324536562,4.135596275,3.438057899,2.733801603,0,3.302776814,3.037571907,2.849774599,3.129362106,4.027409554,3.117991447,3.442806005,3.320654869,3.203274965,0,3.22939539,3.181208134,3.03639555,3.078402996,3.612357616,2.871613026,4.162541866,3.192570925,0,3.839841604,3.294613361,2.60400486,3.767961979,2.906164408,2.733396053,3.623757601,3.001366615,3.557317495
2.938999653,3.692965031,2.99497366,3.16380167,3.638182163,3.313061953,3.140075207,3.430756092,2.712904453,3.500880003,3.390456438,3.680732012,3.122848749,3.553595543,3.095807791,3.774022579,3.765432835,3.176140308,2.864551306,3.462411404,3.991348267,2.825383902,4.071491718,3.178060532,3.023880243,2.986877918,0,4.786333084,3.229881048,3.377032757,3.552773476,2.951558828,3.588438749,0,3.193575382,2.906145811,3.386034012,3.142416477,4.331953049,2.758904934,3.099289417,3.15024972,3.068831921,3.032577038,3.178244352,3.357972622,3.31172514,3.463607788,3.157361031,0,3.206305981,3.412595749,4.65020895,3.619254589,3.05146575,2.854225636,3.687621117,2.910531998,3.225022316,3.287671804,3.443277597,3.496478081,3.482160091,3.089538574,3.50536871,3.014489651,3.506659508,3.399686098,2.638220072,0,3.268273354,3.153784513,2.920008898,2.895750046,4.91063261,2.970649958,3.224085808,3.834095478,3.218610287,0,3.433728218,3.287671804,2.91415143,3.129318237,3.524232626,3.088737488,3.640871286,3.155768156,0,3.692370892,3.785938978,2.739241123,4.341881275,3.168664932,3.007082701,3.498718023,2.697529316,3.830981731
2.892580271,3.452546597,2.949580908,3.242311478,3.290511608,3.14821887,3.675225973,3.310556889,2.652430296,3.884968042,3.105373383,3.589122295,2.933433533,3.21382761,2.75336647,3.396390438,3.32303524,3.271776676,2.962725878,3.499894381,3.775163174,2.996375799,3.711767912,3.314805269,2.934543848,3.0858531,0,4.434983253,3.060311079,3.10642767,3.517825842,3.043287992,3.074972153,0,3.198505163,3.04725647,3.142863274,3.206545353,4.237391949,2.874455452,3.057518482,3.054881573,3.330005646,2.878516912,2.940361023,2.990322351,3.050027132,2.983949184,3.285634041,0,3.44419837,3.374338627,5.14370203,3.607648849,3.624514818,3.032030582,3.268751383,2.969655037,3.31260705,3.492771387,3.390542984,3.186218262,3.821465015,3.151807785,3.161648989,3.141149998,3.471553802,3.399330854,2.696668386,0,3.484037399,3.376535654,2.884320259,2.855718136,4.482442856,3.126734018,3.319163799,3.200703144,3.422504425,0,3.933906794,3.149669409,3.025422573,3.066983223,3.594619751,2.77974534,3.510994911,3.445022821,0,3.993054867,3.804201603,2.568068981,3.905324936,2.933759451,2.774121761,3.129072428,3.051210642,3.981625557
2.89106822,3.250768423,3.217450857,2.958106518,3.345940351,3.096355915,3.358697653,3.094698191,2.887373686,3.511050224,2.762816191,3.342550755,3.112274885,3.015530586,2.94110465,3.233311653,3.64870882,3.146609545,2.952958584,3.58107996,3.876899004,2.869886637,3.903434277,3.234767437,3.022148132,2.974876642,0,3.991902113,2.813563824,3.251516581,3.667738199,2.947866678,3.223391294,0,2.969659805,3.119832754,3.164763927,2.997098684,3.61036253,2.818336725,3.045640945,2.949804783,3.043282747,2.938482523,2.880761385,3.123479366,3.069895983,3.088964462,3.035359144,0,3.418228149,3.25323391,4.542183399,3.63192749,3.512769222,3.010359764,3.325529099,2.733684301,2.929759026,3.067499161,2.805635929,3.330505371,3.128617287,3.450529575,3.10634923,3.174324512,2.665617704,3.5963099,2.779784679,0,3.202010393,2.906505108,2.924869776,3.189602137,3.603981495,2.961247683,3.283733606,3.278293133,3.178559065,0,3.21173954,2.710182667,3.132444382,3.314869881,3.338346243,3.202566385,3.624321461,3.346292257,0,3.47636652,3.605469465,2.710865021,4.216043949,2.906626701,2.845749855,3.354890823,3.009437561,3.798259258
2.738279819,3.311344862,2.92826128,3.254206419,3.167162895,3.184803963,3.484738827,2.979850769,2.79439044,3.379486084,2.99887991,3.722780943,3.107153893,3.144512415,3.026730299,3.651810169,3.178493977,3.063368082,2.950809956,3.129317045,3.748258591,2.774466991,3.734343529,3.178493977,3.135236502,2.943328857,0,4.275671005,2.972472191,3.43876791,3.453564644,3.160720825,3.174266577,0,3.167188644,2.905693531,3.09028697,3.119264841,3.736193657,2.875656843,3.125885963,3.126917601,3.371141911,3.011086226,2.891033173,3.111976147,3.141641855,3.239653111,2.929795742,0,3.209147453,3.302730083,3.876249075,3.428754568,3.234657288,3.116416454,3.234793663,2.803710222,2.840760708,3.448179245,3.36677599,3.602051258,3.199824333,2.960741997,2.987116337,3.043427706,3.388235092,3.688166142,2.763699055,0,2.942798615,2.969223976,2.94084549,2.810518265,3.639111757,3.200905323,3.433871269,3.007495403,3.607011318,0,3.433936357,3.542863369,3.043666124,3.108407974,3.575184822,2.885763407,3.958659649,3.08193779,0,3.385638237,3.89658165,2.705932856,3.696686268,3.019347191,2.814361572,3.891439438,2.955674887,3.654266357
2.893130064,3.462950706,2.912693739,3.323239565,3.318978071,3.372449398,3.459902763,3.39480114,2.779999256,3.735758781,3.090298653,3.60703063,2.800585032,3.144664049,2.959856272,3.10532093,3.025892258,3.213790417,3.270107985,3.384795427,4.232795715,2.809686184,3.777397156,3.041955948,3.015928268,3.12966609,0,5.38175869,3.200833797,3.483763218,3.432494879,2.825940847,3.080454588,0,3.13972187,3.1338346,3.137498379,3.296580553,4.492882252,2.701365471,3.083389521,3.477899075,3.082673788,3.119739532,2.814755917,3.199279308,2.926866531,3.222963572,3.217007637,0,3.510678291,3.270107985,4.204805851,4.092513084,3.148517132,3.01869297,3.625995636,3.147206545,3.37931776,3.341789007,3.527639389,3.26777792,3.625986099,3.151807785,3.39902401,3.133834839,3.068161488,3.741286993,2.706575394,0,3.186894178,3.097092152,2.79481554,2.849799156,4.192677975,3.185733318,3.771366119,3.389877796,3.159473419,0,3.347371578,2.903767824,2.967467308,3.136217833,3.938055038,2.870797157,3.421825171,3.072766304,0,3.431024551,3.692023754,2.662706852,3.789714098,3.003269434,2.633461714,3.23090744,3.10246706,3.466469765
2.698273659,3.082885027,2.898696184,2.764877319,3.212774992,3.479354858,3.474796057,3.270339012,2.829649925,3.51824975,3.149644136,3.477042675,3.35487771,2.894040346,2.784181356,3.743516922,3.206413269,3.226356506,2.741310835,3.227082491,3.097836256,2.928703308,3.750055552,3.003846645,3.054822445,2.895555496,0,4.474164486,2.870448589,3.232162714,3.745563984,3.340819359,2.911949635,0,3.397052288,3.224382877,3.650182009,2.916535139,3.900955677,2.786138058,3.002051115,3.175615311,2.982626438,2.916535139,2.75465703,2.983688116,3.174064159,3.363193512,2.764452457,0,3.379253864,3.021947384,3.832738876,3.567624569,3.249186039,2.795342922,2.861362219,2.76945734,3.031980753,3.255387783,3.151430607,3.52321744,3.404022217,3.348438978,3.04811573,2.977058411,3.801314354,3.537941456,2.746217489,0,3.316765547,2.990289211,3.056193829,2.903982162,3.759548187,2.96613431,3.19801569,3.678612471,3.485931158,0,2.842821598,3.084844351,3.125564575,3.437270641,3.800363302,3.118384123,3.564391613,2.995584011,0,3.582746029,4.123092651,2.777948856,3.510336876,3.015413761,2.879972458,3.575228214,3.050436735,3.457996845
2.847533226,3.493738174,2.853489876,3.140087366,3.357628584,3.622124672,3.346759319,3.211860895,2.763131618,3.693353415,3.094027042,3.603079557,3.393295765,3.10712409,3.195628405,3.557381868,3.262115002,3.436608791,3.15824914,3.307001352,3.551249504,2.943304062,3.878369093,3.003122807,3.466189384,2.845862389,0,4.476500988,3.052578211,3.194394588,3.582936287,2.841435909,3.089181662,0,3.235625267,2.882283688,3.180405617,3.323747635,3.821703196,2.817981243,3.071407795,3.170066833,2.909357548,2.783988237,2.987958193,2.762579918,3.211858034,3.358225107,3.299273014,0,3.589758873,3.147304058,3.585165501,3.724018574,3.13474679,2.888882875,3.152011633,2.701857805,2.996973753,3.401048183,3.407797337,3.258733511,3.307222366,2.970303059,2.91016221,3.125808477,4.054059982,3.064225435,2.895197868,0,3.067822933,3.297241688,2.999931574,2.961258173,3.876421928,2.896238327,3.468819141,3.220349789,3.890968323,0,3.277443171,3.013826132,3.128709793,3.350371838,3.631794691,3.027306557,3.535349131,2.888046503,0,3.677889347,3.654229641,2.644179821,3.468890667,3.058521509,2.95087409,3.497051716,2.827245712,3.467236042
2.962930679,3.277707577,3.031263351,3.559298038,2.982654572,2.896502018,4.075093269,3.089893579,3.283360481,3.668177843,3.364214659,3.547366858,3.58829236,3.105711222,3.097455263,3.209486723,3.459486008,3.104575157,3.160508633,3.383208752,3.303917885,2.884049892,3.312180042,3.28430891,2.896569967,3.509656191,0,4.283491135,3.050846815,3.26490593,3.801671982,3.070567608,2.910470963,0,3.088026047,3.096295595,3.355767727,3.112654448,3.214418411,3.422686577,3.048753262,3.362928629,3.087080956,3.113949537,2.821312904,2.884319544,2.754938841,3.395411491,3.22829628,0,3.535241842,3.316756725,3.424252033,3.689826488,3.209580421,3.196919918,3.193260193,2.937202215,3.077958584,3.254988194,3.425465107,3.546471596,3.396901608,3.156690598,3.408598185,3.403491497,3.161273956,3.54744482,3.221267462,0,3.377373695,3.240594387,2.821798325,2.889919996,3.392276287,2.765390873,3.010500669,3.337592602,3.305853844,0,3.191063404,3.336074352,3.4205091,3.206327438,3.58571434,2.996258736,3.590913773,3.140692711,0,3.483250618,3.527310848,2.732195616,3.340822458,3.199746847,2.876214504,3.372680902,3.128699303,3.675117016
2.726006031,3.07622385,2.878254652,3.104511976,3.160762548,3.176466465,3.528169155,2.828294516,2.742791653,3.453098774,3.121595383,3.597962856,3.191029787,3.212040424,2.874895573,2.962979317,3.354898691,3.16920352,3.05988431,3.259913683,3.635371208,3.032601595,3.226866245,3.131497145,3.457462311,2.936223745,0,3.98180151,2.88685751,3.290431499,3.631124973,2.80122757,2.914438963,0,3.137887001,3.01138711,3.082857609,3.044184685,3.687456131,2.69311595,2.99214673,3.548156977,3.123826027,2.999367952,2.860645771,3.265970469,3.340234041,3.625971794,3.392285824,0,3.179497242,3.371184111,3.312704563,3.635696888,2.996183395,3.041172028,2.98505044,2.851583958,2.860757828,3.119525671,3.104408741,3.204605341,3.070463419,3.454157352,2.979775429,3.048126221,3.193836927,3.255994797,2.82157135,0,3.128628254,2.89607358,3.191485643,2.831242561,3.325179815,3.086419106,3.265541077,3.325110197,3.524333,0,3.271852255,3.171472073,3.153081179,3.145651579,3.501104832,2.842393398,3.736518145,3.386231899,0,4.034282684,3.572607517,2.782504797,3.708329916,3.032069445,2.888726473,3.454194069,2.808777332,3.655370712
2.733397961,3.146720886,3.185456753,3.416608572,3.648737907,3.471637249,3.249115229,2.981751442,2.938238859,3.490736246,3.018535137,3.701344728,3.185147047,3.4949193,2.903507948,2.858840227,3.711969852,3.177862644,2.965372562,3.546773195,3.594812155,2.907638311,3.295371532,3.09165144,3.052123785,3.018535137,0,4.060905457,2.76021862,3.169173717,3.322022915,2.774998665,2.911867142,0,3.242922783,3.103710651,3.153230667,3.108595848,3.890482187,2.793667555,2.993481398,3.218477249,3.020676136,2.771755695,2.744999647,3.042369843,3.008449078,3.818917274,3.107377529,0,3.092193127,3.154392958,3.398859501,3.96219492,3.152898788,2.955845594,2.939717293,2.87970233,3.327331066,3.24847436,3.293865681,3.401835918,3.040883541,3.431529045,2.97056818,3.161908627,3.172123909,3.388500214,2.798073292,0,3.115134478,3.398369074,3.020555496,3.030707359,3.615657806,2.96968627,3.48991847,3.193775654,3.601625443,0,3.307245016,2.903784275,2.90350771,3.668994427,4.102207184,3.054575205,3.432066679,2.976475716,0,3.930221081,4.082241535,2.91738224,3.9918468,3.261528015,2.868702888,3.747616291,2.823959351,3.536288738
2.966078281,3.307202816,3.171421051,3.567071915,3.278904438,3.363305092,3.534223318,3.51736474,2.806578159,3.927363396,3.17161274,3.907558918,3.039493322,3.298019648,2.918398142,3.036620378,3.393070221,3.450936317,3.393070221,3.712614536,3.590420723,2.925830603,3.50033021,3.526191235,3.148351908,3.043015242,0,4.290218353,2.975550652,3.303625107,3.406914711,2.844317913,3.285499573,0,3.428915977,3.045594215,2.930818558,3.209059238,3.480951548,2.742623091,3.356559038,3.392486334,3.312528133,2.915890932,2.781592369,2.970093966,3.028698444,3.324027061,3.225836277,0,3.034693003,3.211953163,3.937048435,4.225095749,3.34000659,2.960458279,3.332904339,3.099971771,3.063611507,3.458591461,3.54703331,3.428496838,3.496195078,3.078360081,3.144563913,3.002419949,3.428740501,3.477237701,2.871218681,0,3.66190052,3.601433516,3.149200201,2.88113308,3.397684097,2.989433765,3.754468918,3.437964678,3.687815905,0,3.34000659,3.25254488,3.075381517,3.083545923,3.621019363,3.171007156,3.662074566,3.322150469,0,4.234420776,4.131514072,2.8078475,3.543940067,2.941334248,2.9774189,3.278134823,3.070189476,4.331282616
2.822565079,3.046136856,3.228852034,3.132709503,3.292236328,3.726366997,3.326400518,3.380115509,2.717188835,4.206251621,3.484513283,3.099754095,3.419118166,3.233971119,3.272705078,3.542458534,3.385408163,3.779565334,3.256336212,3.382691622,3.485699892,2.970113993,3.720725536,2.934475422,3.540441036,2.76833725,0,4.763594151,2.998502731,3.169826508,3.35431385,3.269489288,3.205677748,0,3.39501071,3.530429363,3.065766335,3.280899286,3.267086267,2.862694263,3.43762207,3.616633654,2.941161394,3.152137995,3.088837624,3.15104723,3.069895983,3.442070007,2.981106043,0,3.170112848,3.460106134,3.532962322,3.620780945,3.082231522,3.305344582,2.901643753,2.952442646,3.190326691,3.149615049,3.602283716,3.679876804,3.192360878,3.166096687,2.796694994,3.307195425,3.991050243,3.567858219,2.895060778,0,3.383971691,3.05795908,2.874544621,2.927852154,3.691326141,2.950509548,3.636006355,3.887985229,4.098108292,0,3.321615219,3.342285633,3.227272987,3.372738361,3.567676306,2.849375725,3.660547972,3.090629816,0,3.633225918,3.283423424,2.989736557,3.746011257,3.168575287,3.031790018,3.319701195,2.935193777,3.240341663
2.728432417,3.326856613,2.75190258,3.195183992,3.49460578,3.001037836,3.438406467,2.978043079,2.687919617,3.641235352,2.924303055,3.786975384,3.288337946,3.199556112,3.033604622,3.211204529,3.17769289,3.067266226,2.847333908,3.202655077,3.259855509,2.898782969,3.328995943,2.957027435,2.716050625,2.878078461,0,4.171424389,2.871440887,3.290513277,3.341379642,3.006808519,3.198226929,0,2.965637922,3.106367826,3.164884806,2.860468864,3.536023855,2.807443857,3.057212591,3.250466585,3.007508993,2.941852093,2.818634033,2.754488468,3.081466913,3.426953316,2.999729633,0,2.738284588,3.228100777,3.806355,3.556571484,3.380228519,2.961037159,3.287781239,2.664814234,3.086218596,2.949369669,3.350445271,3.405590057,3.217984676,3.164080143,3.19246459,2.917765617,3.69677639,3.071759462,2.768923998,0,3.267375469,2.756474018,2.97890377,3.172356606,3.396924973,3.267374516,2.89708519,2.961103678,3.210358143,0,3.272165775,2.83095479,2.973250628,2.934378862,3.502058029,3.167178631,3.40072298,2.92728281,0,3.465382814,3.8348279,2.694651127,4.027858734,2.841876507,2.739381313,3.314439535,2.7985847,3.582910061
2.97759819,3.33716774,3.124916553,3.187842846,3.744663715,3.746965647,3.597899437,3.49368906,2.783927917,4.067873478,3.129603148,3.425186157,3.762004614,2.998179197,3.017735004,3.453139782,4.461137772,3.470650196,3.133936405,3.316993952,3.445337296,2.986384392,3.508998394,2.790476561,3.437679291,3.047055721,0,4.64396143,2.747936249,3.592436314,3.776200294,2.894545317,2.939269066,0,3.125127554,3.14729023,3.789487362,2.927990198,4.003410339,2.983907938,3.056899548,3.549793005,2.887991428,2.750948906,2.81549263,3.252646446,2.882653236,3.726669312,3.126976252,0,3.607283115,3.265713215,3.612848759,3.738827467,3.230188847,3.080977201,2.919982433,2.821306944,3.25124073,3.092937231,3.283873558,3.03789711,2.792264462,3.134113312,3.058681726,3.29981041,2.889994144,3.492035389,2.78534174,0,2.906600952,2.961558819,2.880039215,2.881784916,3.876856565,3.084291935,3.646285295,3.438346863,3.76225853,0,3.242683887,3.256032705,3.073457241,3.432771444,3.619351864,2.828603506,3.881016731,3.086417437,0,3.432734966,3.475203037,2.966803074,4.008866787,2.890259743,3.333081007,3.581544399,2.791470528,3.564425945
3.097197294,3.131781101,2.906220913,2.937866211,3.090604544,3.463962078,3.358065605,3.073907375,2.817908525,3.850717306,3.161908388,3.508408785,3.393892288,3.143282413,2.869049549,3.583510876,2.959496498,3.22939539,2.884258747,3.253639698,3.098211527,3.17957902,3.827105045,3.120220661,2.978112698,2.852548599,0,4.292318821,2.970144033,3.159751892,4.026653767,3.021613359,2.738174438,0,3.277596474,3.172603607,3.031657934,3.055605173,3.875200748,2.838920116,2.953068018,3.013493776,2.754407644,2.885362864,2.637038469,2.777418852,2.818816423,3.518981934,3.071688414,0,2.852896929,3.311827183,3.719605923,3.408095121,2.846592188,2.88783884,2.803420782,2.892439604,3.098211527,3.218741417,3.909232616,3.534985542,3.368731499,2.909219027,3.134279728,3.27494669,3.159045696,3.32086277,2.853147984,0,2.900831461,3.071572781,2.901161194,2.866765022,3.628637552,3.192904949,3.344252586,3.50049758,3.209239006,0,3.37034893,2.913562059,3.137343884,3.252305746,3.674603462,2.969307899,3.544154167,2.914414406,0,3.262022734,4.207314014,2.907464027,3.465674162,3.190356016,3.021721363,3.426329374,2.972030878,3.297098637
2.740697145,3.118492603,3.01881361,3.244186163,3.33202672,3.126286745,3.368815899,3.021517515,2.828946114,3.739356041,2.985198975,3.538870573,3.260789633,3.410746574,2.89207077,3.199249744,3.839676142,3.375264168,3.071101665,3.448637247,3.573985577,2.938699722,3.672625542,3.000374794,2.985060692,2.890889645,0,4.457335472,3.004535198,3.261608601,3.315799236,2.856899023,3.187862873,0,3.094750166,3.615894079,2.982782841,3.078983545,4.032352924,2.86412859,2.990633488,3.296801567,2.969878197,2.766405344,2.907931328,3.048182011,2.834773779,3.340650797,3.028562546,0,3.111400604,3.30514431,4.306601524,3.617465973,3.570795774,2.980134487,3.273563862,2.83184576,3.155611992,3.271911144,3.11874938,3.293863297,3.176502228,3.440801382,3.007724524,3.099085093,3.749022961,3.353957891,2.608560324,0,3.252487898,3.383086443,3.054609776,2.881412506,3.43489337,2.961040258,3.058615208,3.70320034,3.228339911,0,3.083142519,3.30763483,3.269462109,3.244307041,3.607050657,2.78930378,3.62035799,2.958291769,0,3.314096451,3.650274992,2.662694454,3.836023331,3.076554298,2.799833298,3.363248587,2.877434969,3.793981552
3.223665953,3.377153397,3.023184299,3.365495443,3.628346205,3.345515013,3.694898129,3.130024672,2.761561394,3.897426367,3.342433453,3.843458652,3.237982035,3.588768005,2.976228952,3.268843651,3.227838278,3.071930885,3.096410513,3.267834425,4.074270248,3.101254225,3.610390186,3.242352247,3.223972082,2.910462141,0,3.900983334,3.154145479,3.159892559,3.72397089,2.892490625,2.910595179,0,3.11852169,3.120815039,2.965062141,3.285868406,3.93417573,2.838297606,2.849569321,3.146194935,3.177966118,2.817377329,3.212028742,2.931952953,3.040767193,3.402512789,3.344609737,0,3.195916653,3.549559832,4.337402821,3.833386183,4.059815884,2.954091549,3.226176977,2.765367985,2.955840588,3.362066269,3.103609562,3.612121344,3.210411787,3.020254135,3.553114176,3.108696938,2.869006872,3.321370602,2.995788336,0,3.8839643,3.433005571,3.077639103,3.013983727,3.380899191,3.044697762,3.101918221,3.327989101,3.142731667,0,3.882147074,2.925941229,3.226462364,3.000540733,3.127842426,3.051205873,3.828457355,3.610066891,0,4.262206554,3.672760487,2.709021568,3.657715082,2.785285711,2.719514847,3.015159845,3.077572823,3.987674236
2.89274025,3.369391441,3.396907091,3.191431999,3.343532085,3.033980846,3.265180588,3.158846855,2.732553482,3.947406292,3.014492035,3.87725091,3.579839945,3.220510721,3.360851049,3.134624958,4.18237114,3.417473078,3.180258512,3.410237789,3.25538373,2.792049646,3.837075949,2.992693901,2.893969059,3.289021492,0,4.869409561,2.869477272,3.598552227,3.655370712,3.084866047,3.401028156,0,3.293194056,3.166232109,3.286916018,3.189053297,3.643014431,2.804094791,3.02817297,3.427747726,3.13553381,2.938871622,2.818809032,2.887006044,3.035334587,3.235120058,2.963471889,0,3.276669979,3.618049145,4.104917526,3.496138573,3.100781918,3.084866047,3.496138573,3.186635494,3.446882248,3.042625904,3.13553381,3.343532085,3.641561985,3.260176659,3.320740223,3.357679367,3.191560745,3.400963306,2.808314323,0,3.073201895,3.071527719,2.999300957,2.854266882,3.477798939,3.033980846,3.501462698,3.252867222,3.174100399,0,3.181266308,2.945500135,3.657988548,3.112740278,3.712482929,2.936702728,3.605953693,2.977704763,0,3.280469894,4.172203064,3.062046528,3.866458654,3.298520088,2.996381044,3.281007528,3.238622665,4.186286449
2.685560942,4.075203896,3.055425882,3.450066805,3.324837446,3.917501211,3.421843529,3.591980457,2.921181917,3.884478807,3.088994503,3.453328371,3.347985744,3.119503736,3.034067392,3.38168788,3.386608601,3.489678144,2.927289963,3.391419649,4.084804535,3.092472553,3.797571659,3.363778591,3.056536674,2.943817854,0,5.145047188,3.292607307,3.529284716,3.511731386,3.082371712,3.266400814,0,2.76744771,2.965637922,3.120365858,3.398569822,4.730298996,2.594139338,3.18596077,3.234881878,3.143007994,2.837734938,2.892176867,3.127866983,2.931855202,3.375294685,3.397910595,0,3.688202143,3.603898048,4.651875496,3.349313736,3.433836699,3.024614573,3.738033772,2.812154055,3.266372681,3.623228073,3.737847805,3.41457653,3.440342426,3.078958035,3.112273455,3.550392151,3.027236938,4.023824692,2.836189508,0,3.389697075,3.478237152,3.015806913,3.006374359,4.251541138,3.204197407,3.406353951,3.099990129,3.461598873,0,3.834343433,3.241153955,3.143007994,3.094807625,3.671992302,2.757407904,3.665036201,2.972171783,0,4.124118805,3.745602608,2.690495014,3.658073902,3.041261196,2.809304476,3.448791981,2.876690626,3.862566233
2.901958466,3.10725522,2.826169014,3.322000504,3.308342457,3.272574902,3.829576731,3.216850758,2.844135284,3.800339937,3.28403163,3.549539804,3.166750669,3.16160655,2.833952904,3.574355841,3.32260704,3.214028358,3.137752295,3.416840553,3.531925201,3.041232109,3.341062784,2.945593596,3.06581974,3.090582609,0,4.160762787,2.99747014,3.299226284,3.386914968,2.984043837,2.909463882,0,3.143110752,3.243178368,2.890878677,3.020689487,3.793307066,2.784743786,3.029034615,3.38781786,3.198650837,3.374526739,2.88324666,2.822842836,3.154823065,3.620202303,3.264505148,0,3.216374159,3.288302422,3.948142052,3.660206795,3.469252586,3.060436249,3.191370487,3.223130703,2.989510059,3.086219072,3.550601006,3.231632233,3.29359746,3.036050797,2.986321926,3.089620352,3.238901854,4.350248337,2.697721958,0,3.173107147,3.054521799,3.131724834,2.970012903,3.570354223,3.05384779,3.695576429,3.378931284,3.524229288,0,3.40768218,2.864546299,3.087933064,3.275597334,3.765949488,2.927150249,3.622033119,3.228322268,0,4.183955669,3.728826523,2.709643602,3.58643198,2.8003335,2.745083094,3.512622356,3.141220093,3.695576429
2.843223095,3.28192091,2.989179134,2.930351019,3.551519871,3.222988605,3.38941741,2.966877222,2.641785622,3.441354275,3.180187225,3.543880224,3.325796604,3.031166792,3.085285425,3.173206329,3.707705975,3.653329849,3.088744164,2.972211361,3.378722191,2.849170446,3.856119871,3.062674999,3.199069023,2.821281433,0,3.98475647,2.968035221,2.984466314,3.60738945,3.03963995,2.951468468,0,3.14881897,2.907813072,3.300314426,3.021769762,3.459793568,2.703010082,2.850167513,3.039162159,2.759241343,2.839059353,2.719761848,2.990808487,2.933730841,3.71963954,3.004094124,0,3.182700396,3.027722836,4.127519608,3.291220188,2.931726933,2.877868176,3.356048346,2.63096714,2.899992228,3.21467638,3.285171032,3.29512167,3.251085758,3.002511024,3.079512119,3.065880299,3.127746105,3.644909382,2.740152836,0,2.712731361,2.984357357,3.003190279,2.843586683,4.374113083,3.111961842,3.274288177,3.322596788,3.01971221,0,3.290997982,2.727543354,2.953505754,3.16977787,3.351016045,2.914742708,3.82480526,2.972801208,0,3.462975502,3.280673981,2.675593615,3.813570738,2.93922925,2.767747879,3.410616875,2.857919693,3.141087532
2.880910635,3.180995226,3.143414021,3.23511529,3.554744482,3.689919233,3.448585987,3.373562574,2.677446842,3.818011045,3.228328943,3.442770481,3.727407455,3.354636669,2.884361506,3.52848959,4.150165558,3.462405443,2.964807749,3.095104933,3.464980602,3.197250605,3.753113747,3.042825699,3.267606258,2.94988656,0,4.877480984,2.934105396,3.426683903,3.586629391,3.143709898,3.035433531,0,3.479662657,3.184702873,3.348565578,3.798409462,4.03578949,2.902406693,3.077476501,3.421195984,3.266284466,3.127270937,2.950082541,3.404468298,3.105308533,3.374673605,2.915109158,0,3.374753475,3.442126751,3.903850555,3.723336935,3.264914513,3.012633085,2.942437887,2.788133144,3.144483805,2.913019896,3.306286335,3.719764233,3.206628323,2.928628206,3.069296122,3.214092016,3.653450966,3.282707691,2.712805033,0,3.279304504,2.856820107,3.205677748,2.972822905,3.516312361,3.312297344,3.042479277,3.434590816,3.506255627,0,3.110981226,2.908965111,3.04889679,3.355894566,3.628955841,2.968436003,3.77072382,2.854054689,0,3.236974239,3.390511036,3.119878531,3.804329634,3.198191643,2.874944448,3.378390789,3.014248848,3.558716774
2.833378792,3.476709127,3.268004417,3.106595039,3.245662689,3.136502743,3.337356091,3.140353918,2.935170412,3.828466415,3.087451935,3.812423229,3.238241434,3.109297752,2.996575117,3.336288929,3.515032291,3.312586069,3.097349882,3.580913544,3.466354847,2.763607979,3.881326675,3.251338482,2.923118114,3.658271313,0,4.67298317,3.173588753,3.610039711,3.614398479,2.860536575,3.114948034,0,3.318258047,3.112109423,3.726379395,2.985374451,4.115440369,2.761431456,2.979979038,3.149110079,3.219479084,3.013590813,2.875132561,2.84147048,3.16030097,3.500456333,3.230311394,0,3.425208807,3.241168022,3.854893684,3.479848146,3.047757864,2.973107338,3.229281425,3.153039455,2.982021809,3.411202908,3.202596188,3.214517117,3.567546844,3.009648323,3.367152929,3.047758102,3.435436487,3.777926445,2.844872236,0,3.330247402,3.381394148,3.014863968,2.825772524,3.770047665,2.948756456,3.291266441,3.379193068,3.114948034,0,3.160162449,3.537659407,3.298213959,3.258047819,3.727290869,3.051068068,3.612803936,2.897541761,0,3.632377386,3.692887783,2.783639908,3.548293114,3.154474735,2.768698454,3.373939991,2.815009594,3.483472824
2.791016817,3.597428322,2.757674217,3.257406712,3.259135485,3.295088768,3.857856989,3.06652832,2.74025321,3.490149975,2.918993473,3.419282436,3.309428215,3.189135313,3.023972273,3.258471727,3.375138283,3.256977081,2.994234085,3.419282436,3.59735918,2.923621893,3.741273165,2.953317165,3.066002131,2.92847085,0,4.131424904,2.959797859,2.973759413,3.189620256,2.951006413,3.095546484,0,3.19830513,3.337064028,2.956496716,3.199192762,3.650876999,2.927576542,3.159274578,3.058134317,3.356061935,2.947289944,2.842422009,2.878143787,2.888293266,3.280086517,3.112285852,0,3.025337458,3.561279297,4.261976719,3.790014744,3.592628241,2.922329426,3.218543053,2.724706411,3.298584461,3.330103874,3.318903446,3.041532278,3.476458073,3.166912079,3.148370504,3.30470705,2.921697617,3.121636391,2.761730671,0,3.364382029,3.071204662,3.139365911,2.799535751,4.227567673,3.222467422,3.04256773,3.215445518,3.136221409,0,3.118882179,3.242234468,2.99536109,3.039624929,3.222580433,3.211530685,3.292753458,3.105666161,0,4.777237415,4.139147758,2.654120922,4.052194595,2.921686172,2.687287331,3.226023912,3.000393629,3.393585682
2.903169632,3.088213444,3.033920527,3.308784723,3.361048222,3.17261076,3.61089015,3.137337208,2.95896554,3.939241409,3.17884326,3.663947344,3.163248301,2.966610432,2.765499115,3.035108566,3.19183898,3.38852191,3.190812588,3.61045289,4.194843292,2.911702156,4.310550213,3.217597485,2.971307516,3.212254763,0,4.179833412,3.209211826,3.433695078,3.610958815,2.925335884,3.199602127,0,3.204436541,3.024554968,2.879483223,3.131333828,3.107202291,2.854167223,2.922052145,3.466413021,2.933407545,3.04629302,3.144785166,3.33202672,2.831542969,3.337155819,3.395812035,0,3.391696453,3.168812752,4.661306381,3.445110559,3.85488081,3.048225164,4.337598801,2.840153456,3.150888681,3.69861269,3.427508831,3.19924736,3.782282829,2.99869585,3.32780385,3.105142117,2.924441099,3.692857504,3.155391932,0,3.307490587,3.224170446,3.003846645,2.926593781,4.647090435,3.058858395,3.471957445,3.512125969,3.303941965,0,3.176525354,3.103842735,3.059581995,3.31018877,3.568290949,2.887720108,3.572142839,2.782769918,0,4.003788948,3.98371172,2.824220657,3.871670485,3.058990717,2.667715549,3.131560326,3.155006409,3.811180353
2.949522734,3.241692305,3.019786119,3.177526951,3.100103855,2.94849205,3.962267399,3.22381711,2.728355169,4.209084511,2.889151573,3.691581488,3.315942049,3.525903225,3.043236971,3.760288,3.145685434,3.202566385,3.202432632,3.585279226,3.52841258,2.825007915,3.992389679,2.98158741,3.293215513,3.229210615,0,4.47301054,2.974807501,3.5676229,3.45127964,2.963224888,3.066983223,0,3.032578468,3.557031631,2.967013359,2.981461763,3.750477314,2.963057041,3.193001747,3.442602873,3.435347557,2.866944313,3.134937763,3.262734652,2.974807501,3.960485458,3.132748604,0,3.281299114,3.202566385,3.898236036,3.411846638,3.040378332,3.310519218,3.316899776,2.992557526,3.073379517,3.344238043,3.151805878,3.376634121,3.437310457,3.11092329,3.247033834,3.114950657,3.159699202,3.396943092,2.886205912,0,3.412100077,2.905280828,2.96300745,3.265360832,4.178143024,3.13404274,3.33754921,3.157906771,3.330136061,0,3.144972801,3.239482403,3.217243195,3.11092329,3.796571732,2.77882123,4.018277168,3.063870192,0,3.584913731,4.315886021,3.083553314,3.535258293,3.309437752,3.007831097,3.955287218,3.269150734,3.051463604
2.763174534,3.290580511,3.00297904,3.444616318,3.375489235,3.198891163,3.457678795,3.241904259,2.859490871,4.588516235,3.124620199,3.608632088,3.278317928,3.023899317,3.068431139,3.580471992,3.252157211,3.893286943,2.903602123,3.442935228,3.860619068,3.280863523,4.35545063,3.134173393,2.972604752,2.966587305,0,4.933627129,3.002676964,3.507526398,3.652100563,3.002197981,2.954716921,0,3.364243269,3.21789217,3.378356218,2.884638071,4.017248154,2.974904299,2.933180332,3.395460606,3.057014465,3.425928593,2.749106407,3.121911764,3.10885787,3.522008419,3.689669132,0,3.458189487,3.281814337,4.048377514,3.364872456,3.220752239,3.036503077,3.102594376,3.235097647,3.213086605,3.399189711,3.773284912,3.387060165,3.334801674,3.011433601,2.897933006,3.055983543,3.093495846,3.608557224,2.651516676,0,3.304017067,2.879443884,2.856676102,2.974904299,3.770861626,3.643470764,3.166973591,3.318614006,3.079598904,0,3.567860126,2.795583248,3.308994293,3.26497364,3.569202662,2.756906748,3.898954153,3.055601358,0,3.124052525,3.527052164,2.845248222,3.797249794,3.264830589,2.840502501,3.411873817,2.985668182,3.019361258
2.921332836,3.135777712,3.026231766,3.134901047,3.496478081,3.182979107,3.290003777,3.809442043,3.074200392,3.947571754,3.357381105,3.627061605,3.452861547,3.219979286,2.842395306,3.068297386,3.317415714,3.207794666,2.960497379,3.520530939,3.827980042,3.16076088,3.776721001,2.97988081,3.211337328,3.211337328,0,4.045627594,2.849525213,3.474465609,3.559809208,2.931799173,3.154765129,0,3.528190851,3.101723194,3.876229763,3.432443142,4.001647949,2.762463093,3.197107315,3.295466185,2.804400444,2.848881483,2.715419531,3.187839746,2.992119551,3.233467102,3.007466316,0,3.988813639,3.377897263,4.280989647,3.607062817,3.435269833,3.010425568,3.25428009,3.213544607,2.932723284,2.876976252,3.254951954,3.499090672,3.172392845,3.45689702,3.07286644,2.980034351,2.841866255,3.291151285,2.651628017,0,2.993574619,3.08863306,3.257147074,3.051216364,4.056163311,3.224420547,3.13744092,3.397351742,3.153460264,0,2.98881793,3.031747818,3.035496712,3.712776661,3.766753197,2.809882879,4.12321043,2.958476067,0,3.728832245,3.501443148,2.765349865,3.92885685,3.033088207,2.90094018,3.49291873,3.08197546,3.540446758
2.948480129,3.328515768,3.215410709,3.117882252,3.414726734,3.221394539,3.468739033,3.545332909,2.927683353,3.714773178,3.056477308,3.816684008,3.291700363,3.3367033,3.136214256,4.103672981,3.855435371,3.486094952,3.561445951,3.184700727,3.646552086,2.797998667,4.147331238,3.605025768,3.216561794,3.052092552,0,4.564404488,3.038647175,3.848398685,3.597574711,3.333295584,3.055911303,0,3.121446848,3.290645361,3.163285971,3.220519304,3.442839384,2.941287994,3.037642717,2.948480129,3.243007898,2.828329563,2.811276913,3.314181805,3.181041718,3.538091421,3.312211514,0,3.074926376,3.241392612,3.730176449,3.301812172,3.142936707,3.201604605,3.114144325,2.868190765,3.53853178,3.216561794,2.990720987,3.240375996,3.49502182,3.045192719,2.75290513,3.03844738,3.572186708,3.786067009,2.695836306,0,3.008915424,3.011948586,3.058363438,2.881509304,3.716649055,3.45512104,3.402220726,3.572797775,3.413339138,0,3.231282473,2.949637413,3.216561794,3.328936577,3.551805973,2.758356333,3.826212883,3.125461578,0,3.867751122,3.139088392,2.947346449,3.632550716,2.977402687,2.984351158,3.086410046,3.286745787,3.129673004
3.031119823,3.190515041,2.98872447,3.582805157,3.169913769,3.199590445,3.620382786,3.088594913,2.913834095,3.695945978,3.189852715,3.417986393,3.164659977,3.121394634,2.87389183,3.193475723,3.092968225,3.536735773,3.014312506,3.092671871,3.199115753,2.901953697,3.312055349,3.088175774,2.780511141,3.189581633,0,4.377954483,2.82231164,3.127198696,3.380291462,2.922035456,2.793633938,0,3.059350729,2.968348503,2.804103851,2.972306013,3.445542812,2.732717991,2.938381195,3.413379431,2.955126524,3.091757298,2.815034389,2.875722885,2.797737122,3.470910072,2.887616634,0,3.057778358,3.301252127,3.20020175,3.728529453,3.20896101,3.039491415,2.984060287,2.813558102,3.219285011,3.1658535,3.457676172,3.086085796,3.255368948,3.080719471,3.441492558,3.25894022,2.972579956,3.824995518,2.790565968,0,3.316287279,3.425443411,2.951174498,2.928756237,3.305382013,2.895838499,3.364615917,3.251929522,3.305382013,0,3.25894022,2.90553236,3.049119473,3.245129108,3.679820299,3.197939634,3.504357338,3.134113312,0,4.189879417,3.95272398,2.910438061,3.589253902,2.949436426,2.949515581,3.385246515,3.02262044,3.612281799
3.083768368,3.16536212,3.204872847,3.348831892,3.36896801,3.126739979,3.58020997,2.952554464,2.763674259,3.738606453,2.878117085,3.423254013,3.123862982,3.232224226,2.834545135,3.101450443,3.183032036,3.170582771,3.100704432,3.379164696,3.564490795,3.047191858,3.740642071,3.198363781,2.853137016,3.204273462,0,4.210959435,2.999069452,3.079764366,3.490466356,2.892305136,2.874555588,0,3.103360176,3.066148758,2.985456705,3.095147848,3.472860813,2.887027502,2.912827492,3.238292694,3.062892437,3.034277201,2.842039108,3.065249443,3.037012815,3.857638836,3.039888382,0,2.863230705,3.204557419,3.453630686,4.080962181,3.3349576,3.000597,3.072294474,2.886511564,3.119509935,3.279170036,3.492462158,3.255016088,3.145893574,3.248782158,3.142157078,3.226656914,3.092096329,3.524066687,2.747779131,0,3.398849964,3.117251635,3.015280485,2.875631571,3.232224226,2.871733665,3.162238598,3.272649288,3.473291397,0,3.672569513,3.015640259,3.018768311,3.266313791,3.705381393,2.966305256,3.483883858,3.411443233,0,4.273257732,4.152630806,2.67749238,3.500747204,2.930104733,2.816437483,3.301469088,2.981899738,4.075736046
2.806093931,3.122448444,2.887685299,3.316507339,3.083297014,2.782003641,3.593340635,2.953291416,2.76243782,3.946870804,2.992483377,3.465617895,3.292657614,3.214128017,2.989433765,3.405365467,3.826588154,3.605072737,3.310495853,3.267807245,3.467026234,2.977415323,3.719302416,3.287552834,3.079210281,3.426438093,0,4.169429302,2.96671772,3.332271814,3.635948181,2.945421934,3.039873123,0,3.491383791,3.189594507,3.145595551,2.968638182,3.568510532,2.927578926,3.030964375,2.941287279,3.122271299,2.930046558,2.874463081,3.120359421,3.162168503,3.286231518,3.303507805,0,2.898727179,3.569584846,3.16289115,3.695302486,3.045625687,3.191060543,2.963858604,3.08477807,2.999528885,3.326572657,3.407346249,3.074590206,3.344862938,3.05278635,3.170252085,3.160433292,4.047240734,3.193846703,3.214065313,0,3.22930479,3.465434074,2.834741592,2.760998249,3.174710274,3.135356903,3.366714716,3.388875961,3.201963186,0,3.047651529,3.177112579,3.219435692,3.298955917,3.553215027,3.014541626,3.507813931,3.176114321,0,3.560675383,3.709523678,2.966614246,3.08045125,3.09345293,2.759959221,2.99006629,3.13869977,3.229466438
3.001006126,3.232196093,3.204200029,3.065576553,3.427560329,3.813459873,3.363501787,3.149835825,3.013288021,3.665989399,3.110526085,3.496975183,3.472704172,3.75121212,2.774557114,3.488395214,3.31440115,3.589533806,3.247485876,3.284659863,3.48165369,2.81886363,3.378428936,3.050431252,3.15429616,3.330741405,0,4.306395531,2.890661478,3.202496767,3.610203266,3.091727734,3.07140398,0,3.178503752,3.321541071,3.334277153,3.123376369,3.540656567,2.827791691,3.154578924,3.092425108,3.124321699,3.079951286,3.109666348,3.069956064,3.039976835,3.657791138,3.244273186,0,2.87275815,3.448945999,3.450062037,3.82122612,2.931417942,3.313634396,2.970144033,2.992619514,2.891255856,3.118984938,3.116441727,3.49009943,3.279120445,3.093276978,3.069955826,3.242823839,3.890416861,3.33202672,3.069956064,0,3.177194595,3.056361198,3.136836529,2.73990202,3.480287313,3.534972191,3.477600336,3.22681284,3.438525677,0,3.22939539,3.103823185,2.886293411,3.223163128,3.722471714,2.919761181,3.820991755,2.920772552,0,3.948964834,3.517460346,2.741330624,3.835269928,3.074532509,2.791612148,3.780215263,2.854662895,2.958714724
2.692475319,3.309262991,2.922202587,3.235803604,3.62826395,3.31321454,3.47846818,2.870494843,2.755360842,3.7590096,3.014932632,3.396514893,3.257962227,3.425076723,2.80304718,3.091268301,3.26828146,3.403311253,3.030868053,3.282489538,3.426516056,3.12136817,3.798233986,3.091873169,3.205791712,2.982473612,0,4.1240592,3.049275398,3.251516581,3.717463017,2.966404676,2.854852676,0,3.364377975,3.153077841,2.864521503,3.117538691,3.146837234,2.794201612,2.838937044,3.140589714,3.022661686,2.882478476,2.942749977,3.17881465,3.147199631,3.560301781,2.990288019,0,3.097253323,3.526330948,3.302989006,3.505579472,3.318370342,3.033682585,2.724221706,2.622771978,2.980381966,3.477113724,3.325695276,3.525337219,3.271592855,2.990403175,3.012989998,3.428489447,3.177686453,3.615739346,2.865639925,0,3.381919861,3.067195415,3.170793533,2.862512827,3.464043617,3.011908531,3.340732336,3.488096237,3.953068495,0,3.796579123,2.933514833,3.116212368,3.25744009,3.222389221,3.020075321,3.662058115,3.538781881,0,3.848345041,3.67748189,2.723130465,3.86144495,3.082504749,2.93299675,3.796836376,2.971842766,3.548571587
2.802714825,3.712325096,3.122067213,3.232741833,3.695013762,3.846228838,3.054618359,2.936702728,3.124453068,3.836771965,3.435194969,3.426680565,3.551482439,3.292026997,2.969204187,3.465077877,3.524573803,3.099755764,3.587878704,3.930876017,3.42505455,2.977256775,3.44103384,2.968548059,3.119189739,2.95411253,0,4.051427364,2.940014362,3.255823612,3.96717453,3.157437086,3.002862453,0,3.618077278,3.485088348,2.880884886,2.953933477,3.715141773,2.873022079,3.014477015,3.022812366,3.172404051,3.271216154,2.913811684,3.053135157,3.173295021,3.37602663,3.046347618,0,2.98578167,3.2211411,3.193509579,3.546792984,3.003195763,3.098211527,3.223261356,2.77859354,3.218868256,3.926759958,3.492462158,3.435441017,3.206387281,3.304673672,2.877558231,3.498675823,3.13220787,3.467297554,2.900117636,0,3.446423769,3.04531765,3.267768621,2.748489857,3.209987879,3.033539295,3.735643387,3.181050062,3.744596481,0,3.186950684,3.235707283,2.934046745,3.781632185,3.577446938,2.980242729,3.662074566,3.614510298,0,3.340705395,3.407238483,2.829161644,3.626714945,2.970440388,2.798501968,4.001362801,2.917055607,3.487138271
2.977027893,3.222184181,3.371395111,3.055436611,3.355439186,3.048931599,3.71143508,3.086552858,2.959458351,3.589461327,3.136409283,3.330122471,3.516963959,3.202542305,3.127931595,3.305622578,3.087259293,3.560988665,3.062913179,3.22410965,3.245911837,3.390126228,3.687895536,3.249938726,3.24684,3.169990778,0,4.530996799,3.380799294,3.050714016,4.205459118,2.887411356,2.994683504,0,3.134907007,3.078858137,2.998683214,2.784420013,3.447730541,3.134270906,3.042321682,3.357596636,3.209489346,3.325063229,3.125725746,2.989787817,3.224986553,3.609364033,2.887411594,0,3.171276093,3.433867931,3.464567423,3.619038582,2.924238443,2.930458307,2.973028898,2.739215136,3.165819883,3.367841005,3.358432531,3.174377918,3.065823078,3.042321682,3.383065224,3.826649189,3.908514738,3.254385471,2.834724665,0,3.05535841,3.616820335,3.381458521,2.968175411,3.237502098,3.076584101,3.146317005,3.70320034,3.442768812,0,3.214673996,3.019924879,3.024464369,3.521256685,3.601017237,2.733600616,3.583752632,3.08512044,0,3.98072052,3.415572166,2.687170506,3.499708652,3.319729805,3.213110447,4.078965187,3.19623661,3.402407169
2.84242177,3.533281088,3.222411871,3.206430912,3.215637207,3.380596399,3.479646206,2.895284176,2.719494343,3.43969202,2.950112343,3.803443432,3.316693544,3.524333,3.313785791,3.556787491,3.191030502,3.159493685,3.199259758,3.384533882,3.276600122,3.046592236,3.31014204,3.084750652,3.001864672,3.444221497,0,4.946611404,3.297415495,3.045090199,3.590607643,2.971067905,2.870625496,0,3.19830513,2.926832438,3.128111601,3.369285822,3.961514711,2.764794827,2.988274574,3.430576324,3.181011915,2.938160419,3.088823795,2.758801937,3.041143179,3.223385096,3.458707094,0,3.230373859,3.145220757,3.657197952,3.632122517,3.02545929,3.071070194,2.972474575,3.242941618,3.452875614,3.515673637,3.572846413,3.534112215,3.462930679,3.016614914,3.48292613,3.369096279,3.011626482,3.206430912,2.956262112,0,3.80117321,3.879190922,3.283372879,2.786520958,4.004794598,2.977587223,3.557122707,3.215390682,3.187724113,0,3.101911068,3.375533819,3.292933941,4.165323257,3.511878014,2.91911912,3.684743643,3.018535852,0,3.740321159,3.642531395,2.792324066,3.362953901,2.990632057,2.868735552,3.285504341,2.832670212,3.981294155
2.822565079,3.011939764,2.909131527,3.160788774,3.453418493,3.439427853,3.71495223,3.020102978,2.79127121,3.78694272,3.172384262,3.729059696,3.168992281,3.310935974,3.42483139,3.001409531,3.557881594,3.020102978,3.332107306,3.330379486,3.778391838,3.520288706,3.229575872,3.228717566,2.962766171,3.03374815,0,4.689723492,3.067110538,3.658088923,4.259333611,3.183990002,2.948496103,0,3.347215414,3.13944006,3.450369596,3.186418772,3.644076586,2.794842005,2.867959261,3.072023153,2.785634518,2.813570976,2.964924812,2.827909708,2.88930583,3.664427519,2.71230793,0,3.107892752,3.290863037,3.226994276,3.972679615,2.907409906,3.171093702,3.34052515,2.972389698,3.131215334,3.404536009,3.68721056,3.286957979,3.314105988,3.027529478,3.178092718,3.158820152,3.229665518,3.642284393,2.931103945,0,3.052937508,3.168539286,3.314250946,2.730303764,3.201178551,3.156047344,3.314044714,3.255769253,3.656810999,0,3.020102978,2.844975471,3.302196503,3.296914339,3.819830418,2.909663916,3.721711159,3.143340349,0,3.868141174,3.310224533,2.929252148,3.651744127,3.124140978,2.860628605,3.826779842,3.183302402,3.536970854
3.138243437,3.72496748,3.035646677,3.314412117,3.464482307,3.457113981,4.102471352,2.987062216,2.912220478,3.558365345,3.348220587,3.818644047,3.636382341,3.718881369,2.868813038,3.68647337,3.504769802,3.399250031,2.936290503,3.711998701,3.698771238,3.025886059,3.153179407,3.094203234,3.084866047,3.233735561,0,4.247365952,2.948568821,3.105385542,3.542738438,3.023436069,2.976693869,0,3.424180746,3.033121109,3.216458321,2.981002569,3.58967042,3.014448404,3.075723648,3.204216242,3.007082939,3.194235802,2.836625099,2.843474627,3.267607927,3.583260536,2.977415562,0,3.035465717,3.190087318,3.343057632,3.82221818,3.429732084,3.386367798,3.055217266,2.932913065,2.97319746,3.310224533,3.3295784,3.289021492,3.472766399,3.131264687,3.097546101,3.332685232,2.940201759,3.438946724,2.747403383,0,3.260653019,3.498531342,3.00433135,2.977637529,3.34020853,2.985929489,3.499945402,3.516508341,3.47574687,0,3.284725666,3.084825277,3.1338346,3.24681592,3.325693846,2.971792698,3.504051685,3.450496674,0,3.836338282,3.913479567,2.990403414,3.657541275,3.230854988,2.839431524,3.689713717,2.957359076,3.888813019
2.938267231,3.185046673,3.256397963,3.179967642,3.35080719,3.173195839,3.392631054,2.889897346,2.76209712,3.819589853,2.970998287,3.189759731,3.465448141,3.197963953,3.244800091,3.172148228,3.198606491,3.276511669,3.181861162,3.467137814,3.553619385,3.220561266,3.180834055,2.963876724,3.077992439,3.121110678,0,4.106135368,2.985046625,3.225114584,3.239402056,2.911607027,2.835520506,0,2.939254999,3.369283676,3.002488136,3.165638924,3.742055893,2.861614466,2.933415413,3.169523239,3.099200726,3.084783077,2.951923847,2.985524178,3.222300053,3.312046289,2.948811769,0,3.19461894,3.253672838,3.09338665,3.751678467,2.992276669,3.340087891,3.03498888,2.859229565,3.039726257,3.175871611,3.226326942,3.160954714,3.235453367,3.32395792,2.923332214,3.145994186,2.885957003,3.95506525,2.922082186,0,3.256209612,3.008899212,3.036777735,2.879757881,3.228437662,3.029080391,3.354064465,3.292027473,3.654410839,0,3.046059132,3.156569004,3.117582321,3.446605206,3.48562336,3.064021349,3.801896811,3.622934341,0,3.383851767,3.850600481,2.796726704,3.698818207,3.178842545,2.92064023,3.602262497,3.050182819,3.55265522
